times,T2,R2,TD2,PSFC,wspd10,wdir10,wspd67,wdir65,wspd88,wspd108,wdir106
2018-05-22 18:00:00,288.09116,55.30257,6.0181904,987.5033,3.5532987,234.02548,4.041509122018267,232.0924791208233,4.170251299467881,4.2762667197855,231.96808924681295
2018-05-22 18:10:30,287.80417,50.117546,4.3504486,987.2296,3.1460526,232.3306,3.8899826520135137,232.3234124478567,4.0004871478861554,4.094545648297952,232.1633728165234
2018-05-22 18:21:00,287.77896,49.585617,4.1763167,987.3844,3.2110772,233.4005,3.923929959066035,233.17910252387426,4.0179608673529135,4.0979711177434,232.93463442624184
2018-05-22 18:30:00,287.8142,49.45392,4.1711025,987.50586,3.243333,234.1394,3.958696508571721,233.8244846203198,4.047203599118998,4.122230909374343,233.57279268333556
2018-05-22 18:40:30,287.75446,49.763325,4.2043796,987.3441,3.2749608,234.59325,3.9828982455902855,234.29184584293958,4.069938733570024,4.14314910731107,234.05754285730703
2018-05-22 18:51:00,287.7068,50.119286,4.2613735,987.6967,3.2621803,234.71883,3.993348157205759,234.42567333514944,4.079191518590837,4.15145055773927,234.20436952494205
2018-05-22 19:00:00,287.7033,50.306232,4.3108544,987.6747,3.306434,235.21799,4.047049472032445,234.93740978516718,4.134494362416235,4.208005886006781,234.69059759735092
2018-05-22 19:10:30,287.5833,50.828373,4.346517,987.611,3.3134801,235.73485,4.044729261333979,235.42625096468794,4.131072880678961,4.2031634670496185,235.15755053858618
2018-05-22 19:21:00,287.38806,51.87282,4.4544845,987.5107,3.247402,236.2212,4.159573563834786,235.69003086493194,4.238647990292762,4.304094329634143,235.4032911899804
2018-05-22 19:30:00,287.3592,52.554253,4.6128225,987.5098,3.220484,236.93854,4.221368183955072,236.22796929239553,4.318696372607516,4.394680302888353,235.86900823020326
2018-05-22 19:40:30,287.07135,54.7279,4.9216065,987.5907,2.9786873,237.6633,4.250384323064149,236.90071296764336,4.4050657928325885,4.5210176422957895,236.26236699942515
2018-05-22 19:51:00,286.62384,57.580276,5.2279563,987.51685,2.7014906,238.81448,4.225588116469672,237.45401463956114,4.426094320907922,4.580691698968592,236.5594251903726
2018-05-22 20:00:00,286.48245,59.496895,5.562835,987.3987,2.549207,238.86862,4.270587634872321,237.06856233692145,4.50784609059702,4.686439650116595,235.97363185485398
2018-05-22 20:10:30,285.65417,63.955353,5.816616,987.4724,2.2900605,238.91324,4.34340990743737,236.5042588184523,4.6104340886659285,4.808616603370778,235.1741943841038
2018-05-22 20:21:00,284.00473,72.38738,6.0211473,987.3066,2.1823006,239.74724,4.49385744077052,236.42413864104194,4.7768338458144735,4.984402959968775,234.8577465514024
2018-05-22 20:30:00,283.89377,73.42563,6.118969,987.46967,2.1706023,241.70294,4.597023738784128,236.9697408309844,4.8835388847157315,5.09148443839416,235.15529212330415
2018-05-22 20:40:30,282.5434,77.86103,5.6587353,987.61835,2.3724663,242.79137,4.721912948741205,236.63112761570642,5.008394425879928,5.21395225668212,234.63625994122782
2018-05-22 20:51:00,281.7607,81.06106,5.4762406,987.7115,2.4766018,243.3488,4.924716780016496,236.01243426311953,5.207226847153074,5.407665293376934,233.93408800374064
2018-05-22 21:00:00,281.48306,82.549324,5.4662037,987.6641,2.4412494,243.11862,5.103643277307566,235.0507879696182,5.37977185189483,5.574293217096033,232.94183584311855
2018-05-22 21:10:30,281.14786,83.96172,5.3819833,987.6637,2.4210713,243.28908,5.342126544253319,234.29992939265034,5.6089059985843654,5.7952030724347905,232.12973096480155
2018-05-22 21:21:00,280.84723,85.17685,5.29372,987.76196,2.4029949,243.22696,5.577710205608287,233.47543530634763,5.833229961316905,6.010597084456162,231.23042660442565
2018-05-22 21:30:00,280.63354,86.15283,5.247422,987.83,2.3776057,243.24417,5.769851253367367,232.72440812643237,6.013242203329845,6.181255472158501,230.39463838290644
2018-05-22 21:40:30,280.3665,87.036224,5.131585,987.73694,2.3542461,242.94263,5.96521610096736,231.74969341340702,6.189778406659898,6.344129047818253,229.29551552567756
2018-05-22 21:51:00,280.14575,87.76391,5.034015,987.8473,2.3457873,243.0634,6.193204326871066,231.14831148573825,6.392407498772867,6.528906862543931,228.55620271161348
2018-05-22 22:00:00,280.08524,88.08801,5.027189,987.98224,2.3575938,244.2932,6.373558482347357,231.19118926231255,6.544485395940837,6.660866515447346,228.4537379687936
2018-05-22 22:10:30,279.97827,88.383224,4.969955,988.0064,2.3719041,244.87141,6.578316754150174,230.79790975484914,6.710458725901891,6.799827593951741,227.9434524075778
2018-05-22 22:21:00,279.90152,88.590515,4.928026,988.0792,2.4034722,243.80309,6.8166403729858365,229.70781107177865,6.900015359585321,6.957999811727248,226.96859816962308
2018-05-22 22:30:00,279.93118,88.54055,4.9490952,988.17694,2.4581842,242.31471,7.035744232980681,228.3604511265777,7.056890244987542,7.080501960648698,226.61034103911814
2018-05-22 22:40:30,279.94574,88.41372,4.942991,988.3018,2.5399995,241.29,7.231475798742601,227.62819282949567,7.225223704912198,7.2280373237140205,226.122432748969
2018-05-22 22:51:00,279.8965,88.52569,4.912731,988.3685,2.5964162,240.18187,7.380440739749095,227.07161294781264,7.363622675185415,7.353796431873765,225.23663871039895
2018-05-22 23:00:00,279.84778,88.59367,4.8758593,988.3846,2.6265428,238.89362,7.464635546101246,226.36702199157503,7.447180538328949,7.432096372368104,224.24338102915289
2018-05-22 23:10:30,279.71725,88.946594,4.8043427,988.54553,2.6141822,237.6384,7.4853429037886805,225.5427706667501,7.474395269649531,7.458248707267092,223.10583416876904
2018-05-22 23:21:00,279.5827,89.20015,4.7127423,988.5542,2.5833752,237.46718,7.442580540483707,225.12486947340523,7.438187516791597,7.421674242369038,222.42142871384002
2018-05-22 23:30:00,279.4582,89.428925,4.626882,988.62634,2.5376163,237.62448,7.3818721552776285,224.75080864525867,7.3778803932439665,7.359122558363673,221.86967512456877
2018-05-22 23:40:30,279.3398,89.5939,4.5368066,988.7939,2.5141563,237.41028,7.342092478353803,224.1176944612551,7.331420727308563,7.3070865386010775,221.07664185178976
2018-05-22 23:51:00,279.23804,89.73502,4.459166,988.82983,2.5026097,236.49559,7.331962480732139,223.1660555404648,7.309291322659669,7.2775015297251535,219.97955564588162
2018-05-23 00:00:00,279.1482,89.87503,4.3930044,988.88403,2.4802318,235.578,7.307499490631208,222.2555424950573,7.275142775633352,7.237376785019395,218.91541319413463
2018-05-23 00:10:30,279.0251,90.05864,4.3009524,989.0009,2.450494,234.75313,7.273745276535209,221.27886025569683,7.231344205834094,7.187061665924999,217.69872883264838
2018-05-23 00:21:00,278.91318,90.21215,4.2150836,989.161,2.427827,233.95457,7.242837226718001,220.2900163591974,7.195349153175976,7.146287510106482,216.40909619029543
2018-05-23 00:30:00,278.83246,90.3127,4.1515007,989.2472,2.4097264,233.15195,7.212395611211486,219.3781862812631,7.164266071787171,7.112192024053441,215.2132972173862
2018-05-23 00:40:30,278.7332,90.425545,4.0715566,989.3016,2.3962104,232.0498,7.187293295461855,218.2724579089706,7.140683625650534,7.084555496330083,213.77694086060902
2018-05-23 00:51:00,278.65097,90.4755,3.9985287,989.37726,2.390101,231.12003,7.160354950737059,217.22752802997672,7.110002517203611,7.047376306549318,212.43741149303088
2018-05-23 01:00:00,278.60657,90.4927,3.9575486,989.3402,2.394732,230.09016,7.1539077801352855,216.23650575166704,7.095225837998708,7.025028785933483,211.27842939129633
2018-05-23 01:10:30,278.5598,90.46614,3.9074283,989.2449,2.4121332,228.90218,7.160084247906414,215.13847557171627,7.077232132635187,6.997425961813859,210.1099854317613
2018-05-23 01:21:00,278.483,90.48647,3.8350675,989.24884,2.4127975,227.87047,7.147020328071912,214.10245661165337,7.027320734107503,6.939022347397607,209.1391021435167
2018-05-23 01:30:00,278.40985,90.529594,3.7698529,989.29126,2.3986547,227.12784,7.120503021826335,213.27583265534744,6.976698330976205,6.877308124918189,208.41989515932497
2018-05-23 01:40:30,278.2802,90.61037,3.6549234,989.34326,2.3734772,226.29742,7.082769840641718,212.30963705658064,6.908074032322679,6.790672171491696,207.6458215272261
2018-05-23 01:51:00,278.16364,90.64127,3.5450623,989.3898,2.3575366,225.17706,7.052059313797668,211.22522309532764,6.841776345181673,6.704403776045224,206.85560200072445
2018-05-23 02:00:00,278.1089,90.58296,3.4821594,989.42737,2.355382,224.25467,6.981405649822926,210.1018343202567,6.799196424238662,6.671230369845371,206.49620558254168
2018-05-23 02:10:30,278.02615,90.478004,3.3844924,989.52264,2.349936,223.29797,6.86282434044545,209.15713387740297,6.728253190413289,6.619190375065172,205.774689190395
2018-05-23 02:21:00,277.8881,90.463005,3.2463822,989.6247,2.3195107,222.83414,6.781706990741962,208.3501924234113,6.6177949952713355,6.492013862093433,205.18446312100852
2018-05-23 02:30:00,277.7914,90.43581,3.147079,989.7277,2.3011374,222.56583,6.714899198940588,207.52359460094812,6.541349134618118,6.406406645881821,204.8669098679871
2018-05-23 02:40:30,277.70947,90.27846,3.0420766,989.8314,2.297327,222.17708,6.545602273222819,206.27881372475616,6.442660441506481,6.350258095040118,205.015271873113
2018-05-23 02:51:00,277.6738,90.05648,2.972496,989.8287,2.3059456,221.738,6.420998403395663,205.59983713070102,6.335324893532883,6.259814846858037,204.62518061166378
2018-05-23 03:00:00,277.62125,89.973404,2.9079034,989.8406,2.3012702,221.75092,6.353974390855478,205.20122352478344,6.260480926956464,6.1837747351969075,204.2480836003851
2018-05-23 03:10:30,277.50784,89.98973,2.7989566,989.865,2.2839425,221.98099,6.285374340336862,204.85137521572716,6.185626270010962,6.102210003886126,203.87988298020008
2018-05-23 03:21:00,277.38943,90.05539,2.6927402,989.90594,2.2674453,222.18341,6.222702605723677,204.45548882757848,6.124095002941731,6.035668689720275,203.4339193670209
2018-05-23 03:30:00,277.34436,90.03879,2.6458426,989.91595,2.264594,222.24585,6.179654110676005,204.00001598083338,6.086849098213526,5.994142289225212,202.9454295563499
2018-05-23 03:40:30,277.28363,90.03747,2.5859241,989.92883,2.26416,222.13026,6.15034291831536,203.33608405637378,6.061842988668061,5.961352661587485,202.1564781189365
2018-05-23 03:51:00,277.22498,90.08111,2.5350144,989.9226,2.267916,221.70993,6.156720939504987,202.45309494017854,6.063326220647783,5.952513402329141,201.12836818072824
2018-05-23 04:00:00,277.18002,90.18099,2.5062766,989.8469,2.2715955,220.91869,6.171070747177512,201.36729274181664,6.086108050859973,5.975190245694756,200.05541655511485
2018-05-23 04:10:30,277.19162,90.14643,2.5123255,989.77954,2.2984486,219.68092,6.199934300243548,199.92830214339182,6.121856872070306,6.011542767454331,198.6488473566872
2018-05-23 04:21:00,277.16962,90.16039,2.4928515,989.826,2.3098207,218.68611,6.215893719282711,198.49204005920484,6.141638201620832,6.031388710752211,197.2260857438402
2018-05-23 04:30:00,277.1293,90.22993,2.4639654,989.877,2.3062537,217.9477,6.214249682116088,197.24428866405574,6.141215035085642,6.030381251806997,196.01425492970523
2018-05-23 04:40:30,277.04016,90.35481,2.3955815,989.89703,2.2953053,216.98238,6.201373167317731,195.80503937421665,6.128858376499763,6.017318937433535,194.65762296395286
2018-05-23 04:51:00,276.95193,90.44675,2.3229632,989.8789,2.2843344,216.0281,6.179311792399114,194.4851695399926,6.104416065153188,5.991905689745154,193.45421050769838
2018-05-23 05:00:00,276.89615,90.49436,2.27541,989.8699,2.2767498,215.24158,6.152722672802273,193.46757918127432,6.075877924463937,5.9626745380764365,192.57250023513194
2018-05-23 05:10:30,276.85968,90.432556,2.230007,989.8792,2.2776835,214.38142,6.106870906070674,192.40507730549675,6.027422102736626,5.913883967045376,191.70708745784975
2018-05-23 05:21:00,276.8259,90.349266,2.1839337,989.8897,2.2786584,213.4802,6.054866381196582,191.43818692611845,5.974122585634834,5.8610547203158285,190.96441530956804
2018-05-23 05:30:00,276.80707,90.282585,2.1551297,989.90985,2.2805622,212.57672,6.020340429437026,190.67260079484333,5.9373948455766055,5.824770554257677,190.3872205726098
2018-05-23 05:40:30,276.7791,90.19296,2.113802,989.88,2.28593,211.6701,5.979732706159886,189.96637843762272,5.893270743520521,5.780629227986304,189.86931623859982
2018-05-23 05:51:00,276.74716,90.09787,2.0676866,989.8015,2.2902794,211.04454,5.9256609784624965,189.42967507555858,5.832729079877591,5.719752617777755,189.50241838765524
2018-05-23 06:00:00,276.7261,90.02965,2.0364356,989.769,2.2923439,210.70256,5.870172427316429,189.0793274606276,5.767058734000606,5.656120468730565,189.28482316494637
2018-05-23 06:10:30,276.69562,89.90742,1.9875544,989.7372,2.2974572,210.47844,5.769417965028018,188.8730146149624,5.659976297467984,5.56573421036145,189.18456644111092
2018-05-23 06:21:00,276.66083,89.78849,1.9349413,989.72974,2.3005784,210.33101,5.689535575854269,188.5683961541826,5.576761451577898,5.488010582820789,188.91772332457214
2018-05-23 06:30:00,276.6325,89.7194,1.8963963,989.7276,2.299085,210.23462,5.641067125693355,188.20009281786594,5.519380319169984,5.427836251664474,188.5845429281038
2018-05-23 06:40:30,276.58926,89.63754,1.8412008,989.7293,2.300416,210.06622,5.583341817320474,187.7105132812088,5.454809692936898,5.362591699769663,188.13041230097542
2018-05-23 06:51:00,276.54184,89.57113,1.7842841,989.6922,2.3008971,209.67776,5.52657457048827,187.03918623218522,5.398990951277292,5.304447495460028,187.46547873089398
2018-05-23 07:00:00,276.51114,89.52759,1.7473534,989.6663,2.2993884,209.21016,5.473551772518051,186.43170303928005,5.346955352465521,5.252535437555471,186.89104142280146
2018-05-23 07:10:30,276.4652,89.45061,1.6902701,989.68353,2.2996175,208.9659,5.4099533965156175,185.80899980425164,5.284581364729597,5.194848054037742,186.2647784246643
2018-05-23 07:21:00,276.4195,89.368996,1.6326767,989.7134,2.2984107,209.09636,5.359177705246468,185.3096638856989,5.236519026403201,5.1475772263999,185.744723191657
2018-05-23 07:30:00,276.38284,89.33524,1.5914177,989.7165,2.2945747,209.43884,5.31533104656659,184.99371975081073,5.191219584436444,5.102491754421489,185.43786799795862
2018-05-23 07:40:30,276.33304,89.27947,1.5338116,989.6856,2.2940762,209.90007,5.269483513724816,184.7106196306757,5.142370001315939,5.054045264880264,185.16763809192295
2018-05-23 07:51:00,276.28305,89.25387,1.4807094,989.6523,2.296499,210.0929,5.243064943278386,184.4265214689629,5.11345642256119,5.023815586102011,184.9039798626117
2018-05-23 08:00:00,276.2516,89.24781,1.4488485,989.64624,2.2974622,210.02274,5.233380547315211,184.13903967652416,5.102728294018684,5.013166740363928,184.62730890791218
2018-05-23 08:10:30,276.2068,89.20911,1.3988154,989.6475,2.3015,209.78964,5.222857563794244,183.7484639768009,5.092328427725418,5.004574965551947,184.23486126661496
2018-05-23 08:21:00,276.16376,89.13692,1.3453262,989.6618,2.3036704,209.41083,5.203857917382973,183.2201802113745,5.0722978629768845,4.985245125633805,183.70784820450197
2018-05-23 08:30:00,276.13535,89.068855,1.3068377,989.65533,2.3024337,209.04204,5.17620327788273,182.7385349071309,5.044152010864076,4.9562396870947305,183.24465424364712
2018-05-23 08:40:30,276.0932,88.96375,1.2490978,989.63336,2.304817,208.89536,5.13462039667422,182.32176117684378,5.002165857919932,4.916338642837458,182.84083847867032
2018-05-23 08:51:00,276.05402,88.84033,1.1914072,989.58954,2.3083827,208.84747,5.088007002595709,181.98511379603457,4.9532283120939935,4.866111608822055,182.5560832438329
2018-05-23 09:00:00,276.03336,88.72801,1.153628,989.5714,2.3102562,208.7506,5.041699096988052,181.74389632101648,4.910596083882348,4.825051103580771,182.34259581395713
2018-05-23 09:10:30,276.0004,88.56833,1.0963706,989.5574,2.3163679,208.6187,4.98782974904409,181.4894969142146,4.865360771235342,4.78590877702107,182.09085383947172
2018-05-23 09:21:00,275.96698,88.39819,1.0370048,989.5413,2.321809,208.57892,4.941794065020009,181.22630151432244,4.823187450526013,4.746763038826784,181.8371596663407
2018-05-23 09:30:00,275.94513,88.25548,0.9932491,989.52655,2.3225675,208.56369,4.898269002743501,180.9419732823497,4.782390314251864,4.707816352885308,181.55017844336464
2018-05-23 09:40:30,275.90512,88.06584,0.9242964,989.50226,2.324883,208.47263,4.84536067901019,180.51588286602214,4.732345345471382,4.65963226043464,181.11173610361348
2018-05-23 09:51:00,275.87112,87.839645,0.8554748,989.6122,2.3275745,208.48935,4.787876897335009,180.0448544883751,4.6752093071495455,4.602780571515909,180.62201585105456
2018-05-23 10:00:00,275.8586,87.58052,0.80249476,989.951,2.3265886,208.00171,4.739646860505839,179.25243293078205,4.626260918985684,4.55344394150991,179.8178162904368
2018-05-23 10:10:30,275.83734,87.294395,0.73656714,990.29346,2.327744,207.3694,4.6933385993526775,178.24630230195788,4.5784300243633975,4.50481231598205,178.80598148792367
2018-05-23 10:21:00,275.80856,87.057884,0.6710027,990.4894,2.3288448,206.84595,4.650907468221054,177.31868282761886,4.53315161889644,4.458000262557137,177.86674058365654
2018-05-23 10:30:00,275.78378,86.87925,0.61844546,990.5851,2.3272345,206.5912,4.609918483335199,176.58757484744967,4.489534458088629,4.412753521178076,177.14511245397196
2018-05-23 10:40:30,275.99432,87.32377,0.8951583,990.67554,2.2507966,206.29768,4.555006731118066,175.70799145477713,4.431469899803743,4.353098824352308,176.2692072822042
2018-05-23 10:51:00,276.89697,87.79552,1.8549663,990.7696,1.9334224,205.91573,4.490854442446029,174.82026381102358,4.364791949146286,4.284873407036994,175.37409289532465
2018-05-23 11:00:00,276.94046,87.72885,1.8870671,990.84766,1.9339788,205.54747,4.4225664904244795,174.08681042303613,4.295246945103939,4.214855361505594,174.6296741240049
2018-05-23 11:10:30,278.51978,81.63104,2.4263923,990.9328,1.7304884,205.50577,4.330892118526437,173.28580031189313,4.202171046887286,4.121756485968974,173.80998160930753
2018-05-23 11:21:00,279.2141,78.58419,2.569217,990.9282,1.8093438,205.9136,4.227452508626513,172.65685147383843,4.092965279316908,4.009868181953238,173.13405476670036
2018-05-23 11:30:00,279.4403,79.14445,2.8877008,990.8368,1.5703462,206.29198,4.112233417418929,172.09802185628553,3.9839545627609096,3.904263299727135,172.42104677008234
2018-05-23 11:40:30,279.96445,77.63687,3.1255379,990.91187,1.324488,207.20499,3.9544945455278815,171.8349916527301,3.851816033923036,3.7849740862419,171.93917296883123
2018-05-23 11:51:00,280.5621,77.30533,3.643074,991.0508,1.1071354,208.32031,3.7646124946723467,171.79678553910966,3.706852926704937,3.660210806828821,171.65040608707292
2018-05-23 12:00:00,281.0972,77.26631,4.1529117,991.2063,0.940689,208.55913,3.5910770661513673,171.87078761116192,3.554702709376067,3.5201260350491186,171.4055290147261
2018-05-23 12:10:30,281.93234,76.36732,4.793145,991.40283,0.806212,205.21964,3.268253817045055,172.00635619847046,3.312245361320355,3.3277713124215755,170.9638841619427
2018-05-23 12:21:00,282.8207,74.02281,5.2047205,991.56866,0.8480469,193.68423,2.650442670676031,172.54940685377608,2.9181477655516743,3.0783602700241044,170.5983932292692
2018-05-23 12:30:00,283.29507,68.18704,4.4915776,991.6747,1.1828393,180.05028,1.9395654847720833,174.17502514793136,2.328082562890383,2.6226945357881233,170.018717041788
2018-05-23 12:40:30,283.64752,63.377693,3.792007,991.79,1.4561291,172.0787,1.8347517230920174,171.13959099530763,1.9011303764073046,1.9808291160071483,170.32286857188913
2018-05-23 12:51:00,283.9487,60.78423,3.4875455,991.8789,1.4086725,167.16794,1.724771218408694,166.35113383306938,1.813777247802723,1.8646556409720985,166.94951816974495
2018-05-23 13:00:00,284.11838,59.408245,3.3250506,991.8402,1.3256246,163.21973,1.6094731106580078,162.51663881517806,1.673406881964826,1.72149084099428,162.84940995256548
2018-05-23 13:10:30,284.3908,58.015694,3.24716,991.6789,1.2303845,158.4124,1.4821075420380294,157.81959085666617,1.5239604898162242,1.5626286726645797,158.06862086900094
2018-05-23 13:21:00,284.60678,56.823948,3.1576855,991.5645,1.1518093,152.48448,1.3651843545097138,151.96423712915953,1.39130078488064,1.4185866366204167,152.31000666045858
2018-05-23 13:30:00,284.74777,55.731857,3.017025,991.5075,1.0928421,146.81155,1.2808336854903897,146.50040439456387,1.30130098237209,1.3203175974199168,147.05956795698498
2018-05-23 13:40:30,284.97028,54.731983,2.9703956,991.531,1.026694,140.26495,1.1913079946613383,140.35990286701832,1.205800211474964,1.2178620983503947,141.2012592809061
2018-05-23 13:51:00,285.17957,53.576202,2.8658168,991.5969,0.9647248,134.33391,1.1100843148111121,134.74631457464335,1.1194100051051195,1.1268022377900362,135.79791433527635
2018-05-23 14:00:00,285.3175,52.86834,2.8074996,991.66956,0.9208198,129.96452,1.0524526220972494,130.54275174531188,1.059025009164413,1.0638111943172928,131.64665108799622
2018-05-23 14:10:30,285.52878,52.133804,2.8072264,991.7555,0.8785567,125.5116,0.9996268768279766,126.161772087239,1.0027950725491923,1.00484773256608,127.27626214592308
2018-05-23 14:21:00,285.7298,50.801945,2.630939,991.8674,0.84273756,121.254265,0.9526465361529386,121.89781687642919,0.9536240618149241,0.9532766995969981,123.03879201246725
2018-05-23 14:30:00,285.87225,50.25397,2.6106658,992.01227,0.815189,117.9893,0.9176918642993863,118.72116795693854,0.9168532224080378,0.9144645017011407,119.831583247081
2018-05-23 14:40:30,286.06372,49.68484,2.6277251,992.1207,0.79639864,114.480804,0.8930229361611994,115.05705467860682,0.8901530484575116,0.8860317945935378,116.09727653104636
2018-05-23 14:51:00,286.2535,48.873207,2.5720007,992.19653,0.7832551,109.706825,0.8744531768338772,109.76976784610537,0.8698562559371148,0.8637207148847432,110.57818965080304
2018-05-23 15:00:00,286.3759,47.954548,2.4193165,992.20416,0.77274513,104.41183,0.8557629887006413,104.10374132759048,0.8476035828794577,0.8383032215242235,104.74362591239837
2018-05-23 15:10:30,286.53485,47.448643,2.4168909,992.1585,0.76167256,97.47627,0.8386058435768722,96.75092603120403,0.828472604773002,0.8169566256775836,97.04623792210262
2018-05-23 15:21:00,286.67868,47.11675,2.4505007,992.08484,0.76205224,90.3105,0.8407236656776536,89.04886927413052,0.8307243796738211,0.8192581021823256,88.83789981925216
2018-05-23 15:30:00,286.795,46.70501,2.4343288,992.0327,0.7750934,84.22979,0.858536324684098,82.51417576802825,0.8496321224502323,0.839013583782241,81.9009668970837
2018-05-23 15:40:30,286.9346,45.90595,2.3210096,992.01764,0.79859704,76.84217,0.8832783755560831,74.43176671371423,0.8736464939730804,0.8622862693086306,73.22685653351665
2018-05-23 15:51:00,287.05368,45.50024,2.305759,991.9101,0.807429,69.45273,0.8901848294824467,66.57788598931207,0.8814045296626837,0.8707357431258569,64.85561358671335
2018-05-23 16:00:00,287.13025,45.415836,2.3495975,991.633,0.78875726,63.92354,0.8697832480655365,60.62400228532615,0.8617279893686025,0.8519593741037508,58.43617548383247
2018-05-23 16:10:30,287.22714,45.19739,2.370556,991.38525,0.7588583,57.891415,0.837584069094086,54.04454522567822,0.8307988022898407,0.8226526514368067,51.35950533595833
2018-05-23 16:21:00,287.33093,44.74602,2.324997,991.32697,0.7331146,52.23917,0.8126001749719436,48.040281202780854,0.8082752112370861,0.8024129647869335,45.01522656291577
2018-05-23 16:30:00,287.42737,44.23193,2.2515376,991.3343,0.7050966,47.810158,0.7772627079570918,42.91789991270237,0.7729444654178285,0.7671829187842686,39.296537372909896
2018-05-23 16:40:30,287.50204,44.022297,2.25312,991.32153,0.6557005,41.732285,0.7218689902690831,35.49256372799683,0.719320306618381,0.7159704314568195,30.840831259312484
2018-05-23 16:51:00,287.57132,44.051727,2.3252993,991.2863,0.6083902,34.723896,0.6813039868438826,27.795991304498532,0.6837658602860728,0.6853130937383118,22.750771650250545
2018-05-23 17:00:00,287.6503,44.0219,2.3875215,991.23157,0.5788125,28.64926,0.6560767123480692,21.373913698580825,0.6625441356971258,0.667843746029997,16.22993815189926
2018-05-23 17:10:30,287.7025,44.031387,2.437905,991.139,0.55105036,20.893805,0.6376078115751992,13.290646859640527,0.648161344955881,0.6574019235544266,8.15324040665216
2018-05-23 17:21:00,287.75394,43.98844,2.4709423,991.12726,0.5344047,12.116776,0.6300116677565194,4.518456928521537,0.644551969385352,0.6576704868406836,56.85389397366575
2018-05-23 17:30:00,287.8316,43.835636,2.4928184,991.1856,0.52573615,3.3200104,0.6325840061617647,355.73796447601075,0.6511752728789066,0.6680435770451781,351.1255451625576
2018-05-23 17:40:30,287.85187,43.788334,2.4961205,991.0728,0.5364168,353.9575,0.6576286526763832,347.0654726465903,0.6799007162048727,0.7000939711903701,342.9661814131306
2018-05-23 17:51:00,287.85638,43.715088,2.4768422,990.9016,0.5656185,345.96844,0.7016529075073384,340.02933262063425,0.726846492597256,0.7496199964812862,336.4903471012169
2018-05-23 18:00:00,287.89938,43.48716,2.4428518,990.77484,0.5991081,339.94434,0.7435647805267706,334.42033532962176,0.770149307622611,0.793735027670882,331.1429059570235
2018-05-23 18:10:30,287.87955,43.369534,2.3870885,990.62573,0.6309149,332.38477,0.7811399195571922,326.89073464424695,0.8095312233770089,0.8350354672045477,323.7025003412149
2018-05-23 18:21:00,287.83832,43.461304,2.3792202,990.52985,0.6562918,324.04495,0.8183561780703813,319.05136035364416,0.8499880403901444,0.8785204208298345,316.2036096120512
2018-05-23 18:30:00,287.86282,43.44671,2.3967388,990.509,0.6720769,317.2805,0.8395215516337151,312.6834723284711,0.8731605702470299,0.9035753922903227,310.2644032673676
2018-05-23 18:40:30,287.7953,43.663254,2.4048905,990.46857,0.6805552,309.18787,0.854647823231223,305.3791014286911,0.8900259040932781,0.9216589089731588,303.4683332571914
2018-05-23 18:51:00,287.71814,43.9027,2.4112306,990.4877,0.69852287,300.34207,0.8791595713239774,297.3844555164955,0.9151106184066854,0.9471711488220346,296.08705406746475
2018-05-23 19:00:00,287.73978,43.902958,2.4309423,990.6318,0.71727824,294.07578,0.9005784525298435,291.7567973149053,0.9370904681849945,0.9695838053019297,290.8218977308294
2018-05-23 19:10:30,287.6629,44.137413,2.4355145,990.84937,0.73517334,287.75244,0.9186513629818416,286.0842724347693,0.9540477543907718,0.9855491414344585,285.4998289091043
2018-05-23 19:21:00,287.71652,44.013515,2.4449477,991.01294,0.73739594,281.87213,0.9342594713224585,280.2898039880204,0.9688074217137534,0.9995578699431488,280.0000054609002
2018-05-23 19:30:00,288.0495,43.17869,2.4794667,991.0912,0.7089374,277.29303,0.9336878407392373,274.9925173180152,0.9713758457711305,1.0047388339756163,274.42877938250376
2018-05-23 19:40:30,287.32648,46.00353,2.7079287,991.0776,0.6843851,269.81308,0.9174205225060542,268.5559349466439,0.9715785346737214,1.0177803244395869,267.0185550519222
2018-05-23 19:51:00,287.07855,49.54376,3.5208662,991.0209,0.5865019,260.65585,0.8963951385952669,260.35968399648425,0.9542264411922867,1.0036715997937278,259.3690173406054
2018-05-23 20:00:00,287.084,50.818233,3.8837302,990.96954,0.54403174,250.39375,0.8819553800649745,250.57704308329187,0.941385667656768,0.992652910972678,250.90845629454662
2018-05-23 20:10:30,286.56873,53.313206,4.0842967,990.9021,0.5388204,233.13272,0.8908802319916421,237.22925961586049,0.9483222391709678,0.999666120000279,239.0105006922462
2018-05-23 20:21:00,285.9366,55.0836,3.958937,990.7979,0.60531807,216.04793,0.9551293203130244,223.61946156696195,1.009278789652647,1.057840736962499,226.51809118280852
2018-05-23 20:30:00,285.79184,55.916603,4.0361238,990.6926,0.69517905,204.72348,1.0470911535656473,213.22552160988892,1.0980335447534688,1.1427042164916088,216.59815010695672
2018-05-23 20:40:30,285.08798,57.21723,3.7039661,990.65314,0.8294626,195.83624,1.195568139162814,203.13179173506933,1.2431325956379424,1.28281757806719,206.44754747699614
2018-05-23 20:51:00,284.6038,58.357403,3.5290017,990.6682,0.97566235,189.47716,1.3723348995594455,194.75166038005148,1.4180286023226316,1.4529528681713066,197.6223465494662
2018-05-23 21:00:00,284.31094,59.860966,3.6124969,990.7443,1.096776,185.79053,1.5375047042401757,188.8353714256361,1.5840858560814062,1.6163051074405612,191.1604674120068
2018-05-23 21:10:30,283.92004,61.67836,3.666069,990.8772,1.2208582,182.58426,1.7335855409992265,182.73585579191402,1.783960336641379,1.814062094264583,184.34350683613
2018-05-23 21:21:00,282.2841,68.39239,3.5708587,991.0097,1.3222139,180.31454,1.9317914526561797,177.49915507265644,1.988500629663577,2.018184090554208,178.37655213343845
2018-05-23 21:30:00,281.62186,71.61369,3.585917,991.0887,1.3887017,178.87622,2.1050368940848854,173.28406960033544,2.168409476967068,2.1983538792648223,173.8279108687259
2018-05-23 21:40:30,281.1135,73.95498,3.5508096,991.1259,1.4446218,177.69965,2.307949482536738,168.81087608380633,2.3780404971566993,2.408166412306036,168.9962533538117
2018-05-23 21:51:00,280.7587,75.47583,3.4956956,991.2043,1.4681764,177.14357,2.5021392817458623,164.88370553698792,2.5750587262275304,2.6030959527904107,164.77703339039235
2018-05-23 22:00:00,280.5762,76.26775,3.4665382,991.34326,1.4528676,176.62686,2.652377538460416,161.38901716103538,2.7237953296535977,2.7471542610193644,161.11897642920988
2018-05-23 22:10:30,280.43738,76.480125,3.371669,991.43286,1.4150039,175.89444,2.828313852295451,157.36548670839076,2.891311555782265,2.9053602913118497,157.07875681624174
2018-05-23 22:21:00,280.3541,76.3726,3.271524,991.4254,1.3812661,175.17316,3.0207251323113633,153.6841691361488,3.064904618803644,3.06368402598763,153.5252670336864
2018-05-23 22:30:00,280.3356,76.086006,3.2008965,991.39124,1.3529891,174.46606,3.1918489621190416,150.67689486585155,3.2111126624701347,3.1915004519907564,150.74703712725494
2018-05-23 22:40:30,280.36063,75.37012,3.0923936,991.3979,1.321904,173.107,3.3911068434846428,147.31417565088708,3.3713502973332705,3.3248228081250972,147.7495092781561
2018-05-23 22:51:00,280.3988,74.61149,2.9873512,991.4423,1.3021684,171.69005,3.572858977523016,144.40596629401918,3.5202396794419695,3.4482202879130472,145.18401370716765
2018-05-23 23:00:00,280.4052,74.13998,2.9047136,991.50977,1.296418,170.33488,3.7082462103595133,142.24714640402613,3.6367716344858003,3.5471221649083082,143.23732425609018
2018-05-23 23:10:30,280.3745,73.73086,2.7977316,991.60706,1.2968942,168.38939,3.8504175876903277,139.87589448711736,3.750646275846953,3.639117332258258,141.1312410087342
2018-05-23 23:21:00,280.28638,73.60544,2.6891878,991.6571,1.3060263,166.62653,3.947156536872153,137.92404233165536,3.83568933965678,3.7154944579437768,139.36133395442639
2018-05-23 23:30:00,280.19034,73.66601,2.608355,991.6796,1.3156856,165.14607,4.007739950188693,136.42329765769435,3.8944940859225055,3.7709637001310368,137.82594950859556
2018-05-23 23:40:30,280.06836,73.7441,2.5058725,991.78595,1.3278584,163.93863,4.052176461211791,134.86914684740358,3.953036564864771,3.830507806670281,136.01640766695914
2018-05-23 23:51:00,279.94144,73.88304,2.4100845,991.92,1.33745,163.38551,4.095330034608614,133.30945255670497,4.005033347215818,3.877654363240597,134.39770842421225
2018-05-24 00:00:00,279.81613,74.17968,2.3454256,992.0106,1.3467818,163.53749,4.139604367686381,132.05818052583976,4.05152278535362,3.915821298559304,133.2213910255125
2018-05-24 00:10:30,279.6313,74.67906,2.2610137,992.10095,1.3695349,164.3666,4.200099287801909,130.85288846056358,4.111060908728152,3.966013736853905,132.09720660676953
2018-05-24 00:21:00,279.42465,75.32986,2.182795,992.1472,1.4010718,165.7397,4.285384500426161,129.7782120296167,4.174576482898288,4.010919748128144,131.19464703110265
2018-05-24 00:30:00,279.2479,76.01147,2.1377397,992.1633,1.4322658,167.35284,4.366546886188454,128.9664174876532,4.2250980058014465,4.04191312638328,130.63226562381138
2018-05-24 00:40:30,279.04147,76.73741,2.0707343,992.1891,1.4747797,169.4958,4.459125365469129,128.22373318041227,4.272604775578477,4.065488774353298,130.29881829351467
2018-05-24 00:51:00,278.84793,77.41945,2.0067666,992.2017,1.5185194,171.70467,4.524452237915946,127.7574304781425,4.300777381301452,4.076262297202769,130.19877763189712
2018-05-24 01:00:00,278.6917,78.097855,1.9769495,992.1566,1.5655298,173.50607,4.5312232097043506,128.07691765775053,4.325404371260954,4.1100851361930015,130.1575700672063
2018-05-24 01:10:30,278.50146,78.84408,1.9248945,992.07886,1.6391264,174.87843,4.51705305207392,129.02987860294277,4.344240686079066,4.152944752989853,130.4874138352061
2018-05-24 01:21:00,278.33145,79.50392,1.8758823,992.04736,1.7183734,175.48032,4.5198343287584715,130.0550811780314,4.363241526844877,4.189651721582109,131.20468873364734
2018-05-24 01:30:00,278.21527,80.02981,1.8547461,992.0627,1.7841884,175.61668,4.520202845620908,131.07822664401544,4.385017868267777,4.2296498640297076,131.87964386485018
2018-05-24 01:40:30,278.0894,80.4325,1.8022306,992.1386,1.8493934,175.8189,4.513469307730008,132.40283245659435,4.407083208753808,4.274343524989697,132.74608285584588
2018-05-24 01:51:00,277.9865,80.69012,1.746693,992.228,1.9027522,176.04565,4.514939146785942,133.79130074021512,4.433165437925522,4.320366816357133,133.61016208187704
2018-05-24 02:00:00,277.92133,80.853584,1.7114395,992.2835,1.9401462,176.1347,4.530494019848858,134.92104437787634,4.460571726082777,4.35972613263716,134.26311778652092
2018-05-24 02:10:30,277.8497,80.8712,1.6448512,992.33405,1.9689077,176.07574,4.561907574668786,135.98468157383368,4.498018778839026,4.406637876309474,134.89583211797728
2018-05-24 02:21:00,277.79666,80.7481,1.5721824,992.38776,1.9794254,175.8009,4.601090454691562,136.69327448901228,4.534310665347651,4.4481331550752,135.3098306145381
2018-05-24 02:30:00,277.77008,80.574326,1.5164975,992.4492,1.9764596,175.49097,4.640124127398779,137.02896489227732,4.564163813022708,4.478438748804161,135.53022622807984
2018-05-24 02:40:30,277.74478,80.23495,1.4334533,992.48315,1.9590064,174.74242,4.693110118276551,136.9799059016656,4.599624443426637,4.509405373620406,135.44085810015636
2018-05-24 02:51:00,277.7271,79.84048,1.348069,992.48456,1.9315985,174.01714,4.744473195819769,136.58583532317948,4.627988469056261,4.529178687955362,135.10340960934926
2018-05-24 03:00:00,277.72275,79.47343,1.2800815,992.468,1.899796,173.43962,4.77563149331065,136.07211810166683,4.641651557231104,4.5347928078815025,134.61846762928494
2018-05-24 03:10:30,277.71948,78.98594,1.1918367,992.4519,1.8598061,172.74884,4.773265405582742,135.10280943166913,4.65779124512498,4.558362732931389,134.2312383011231
2018-05-24 03:21:00,277.7279,78.4624,1.1081067,992.4504,1.8232346,172.04448,4.755399813453916,134.02876329108858,4.677690983184833,4.595435122128585,133.71707979434512
2018-05-24 03:30:00,277.73553,78.07335,1.0468497,992.47406,1.7969835,171.69672,4.755226562032876,133.20404266985105,4.683000719810534,4.604092426192627,133.07022856879317
2018-05-24 03:40:30,277.73785,77.66447,0.9766171,992.53375,1.7684993,171.61967,4.752406912009467,132.32511730613558,4.673372687095229,4.5929756752481445,132.18929773890193
2018-05-24 03:51:00,277.73212,77.318794,0.90952307,992.4868,1.7424064,171.6545,4.735404006957905,131.53329417673405,4.633841088191825,4.551412065615635,131.3416289154541
2018-05-24 04:00:00,277.71143,77.180305,0.86477757,992.30347,1.7324412,172.35602,4.700901301284028,131.1580516796841,4.586987463242647,4.508928481156885,130.88139931050387
2018-05-24 04:10:30,277.68347,76.992966,0.80423874,992.1618,1.7228625,173.21341,4.647275660905044,130.69678693410083,4.536262364244452,4.4651474682493655,130.23612051995244
2018-05-24 04:21:00,277.66196,76.77276,0.74397224,992.12134,1.7056103,174.25859,4.585322974732155,130.1632322455586,4.474200882643819,4.406227434899719,129.48896221025103
2018-05-24 04:30:00,277.6447,76.64698,0.7047248,992.12085,1.6939542,175.04498,4.532435093669659,129.71330100118865,4.423204232954608,4.3580691046573925,128.87605312581672
2018-05-24 04:40:30,277.60773,76.580376,0.65700847,992.1182,1.6936716,175.86652,4.479630896516274,129.3510435336771,4.372832982976394,4.309511460134167,128.39760191906686
2018-05-24 04:51:00,277.55753,76.61862,0.61536175,992.0975,1.7053972,176.60725,4.432767074054011,129.1917406104587,4.331261945007055,4.271645510186801,128.1139398200641
2018-05-24 05:00:00,277.50998,76.74992,0.5929638,992.0706,1.7239093,177.11906,4.399840746783094,129.2124462114307,4.3026821583933,4.246121076100955,128.0102746262156
2018-05-24 05:10:30,277.4394,76.9479,0.56015694,992.03546,1.7517166,177.7914,4.361976990954851,129.42669561924055,4.268490562325992,4.216251897545908,128.0545387164349
2018-05-24 05:21:00,277.37164,77.14777,0.53031623,992.07947,1.780178,178.40285,4.3237472286063126,129.71104531767787,4.238636540355883,4.193713648620056,128.25363672862704
2018-05-24 05:30:00,277.31976,77.3569,0.5173568,992.169,1.8107233,178.90584,4.287509886377862,130.08530484227333,4.21760467826787,4.182659781281923,128.7058713235255
2018-05-24 05:40:30,277.25095,77.5783,0.4900554,992.14343,1.8370777,178.97214,4.266163965800073,130.41224102675986,4.205125710681077,4.178272762503623,128.98942020647578
2018-05-24 05:51:00,277.17297,77.85496,0.46350256,992.0661,1.8660043,178.43547,4.274054748886825,130.68758252390865,4.2152273274138405,4.193068024302205,129.14176204888608
2018-05-24 06:00:00,277.1102,78.13353,0.45179498,991.9945,1.8935671,177.65811,4.297994495945814,130.8826329580156,4.240665335756063,4.221947849974433,129.23560405754216
2018-05-24 06:10:30,277.02798,78.436745,0.42536268,991.91693,1.9234257,176.77275,4.33235521506435,131.11053197210367,4.27607129501182,4.260386930152409,129.3341406269036
2018-05-24 06:21:00,276.94745,78.73096,0.39873597,991.8613,1.95046,175.85376,4.376723904691543,131.28617045888126,4.322260109531809,4.30880114327789,129.39032278396436
2018-05-24 06:30:00,276.88583,79.000946,0.38601607,991.8376,1.9718982,174.84538,4.428674560504505,131.31483799273755,4.375599226161666,4.3630814155840705,129.33916557276333
2018-05-24 06:40:30,276.80698,79.271355,0.35645154,991.82,1.9906696,173.30641,4.503299106698035,131.10852286450506,4.451923543876423,4.439697889238667,129.06826470962497
2018-05-24 06:51:00,276.72845,79.48685,0.31752756,991.7712,1.9912881,171.42293,4.578679481999485,130.5425170209413,4.532038655991766,4.5203458872816045,128.43165506438004
2018-05-24 07:00:00,276.6727,79.63031,0.2881611,991.7729,1.977445,169.7275,4.632091082752306,129.94979620304682,4.591196313643172,4.581024238886777,127.75864570251679
2018-05-24 07:10:30,276.61368,79.67482,0.23853491,991.8688,1.9489853,167.86882,4.682062897063505,129.1679945189764,4.6477207283242254,4.639514582663677,126.89025592337993
2018-05-24 07:21:00,276.56342,79.66674,0.18834932,991.9483,1.9153603,166.49358,4.714019821797463,128.47607738343092,4.679771875426323,4.670873374764515,126.11860423809114
2018-05-24 07:30:00,276.5311,79.61844,0.1486582,991.984,1.8796326,165.55864,4.726453862282114,127.84328904855312,4.691897117803126,4.682211205349355,125.38815876941914
2018-05-24 07:40:30,276.49316,79.4971,0.0909272,991.9769,1.8317312,164.52795,4.7268505390190345,126.9990355740339,4.6924850031324565,4.682643315739733,124.45218367587434
2018-05-24 07:51:00,276.4677,79.29017,0.030511184,991.94476,1.777786,163.52371,4.713587347060055,126.02015191867812,4.680002474900964,4.67109144159189,123.39714624784753
2018-05-24 08:00:00,276.45853,79.084114,-0.014043417,991.91736,1.7300785,162.63992,4.6952671777300905,125.08379142818366,4.663285342127603,4.655901733274003,122.38403604053812
2018-05-24 08:10:30,276.4531,78.792114,-0.069959335,991.8914,1.675059,161.61642,4.667196106674829,123.9601984584311,4.63531477493169,4.629581339029721,121.14849355407864
2018-05-24 08:21:00,276.4581,78.48287,-0.11892572,991.8815,1.6237526,160.64256,4.639508844481193,122.80556192370612,4.604673453052162,4.599375513379612,119.81593196604324
2018-05-24 08:30:00,276.46252,78.2602,-0.15351014,991.8513,1.5881135,159.82668,4.6160232894098865,121.8758492587098,4.577526542384801,4.572626059879813,118.69934879353862
2018-05-24 08:40:30,276.4597,78.07598,-0.18849626,991.7955,1.5581024,159.01282,4.596119559328219,120.87938703707228,4.552199372793056,4.546927644611451,117.45287689963206
2018-05-24 08:51:00,276.43784,78.05117,-0.21401252,991.7594,1.5483357,157.91417,4.596900782770486,119.98259374180485,4.546432267279492,4.540679532375109,116.22828414047929
2018-05-24 09:00:00,276.3987,78.1642,-0.23213328,991.77057,1.554565,156.74959,4.614304957108532,119.2836707269231,4.557907216435289,4.551908693217333,115.18018379591018
2018-05-24 09:10:30,276.3443,78.39298,-0.24490955,991.8128,1.5751165,155.20085,4.645320306588362,118.42301444614147,4.586954449089433,4.5829199228113975,114.15168705652799
2018-05-24 09:21:00,276.2784,78.719,-0.2520562,991.8592,1.6019417,153.66808,4.691880875791194,117.81747205971327,4.622291249799556,4.616783125300802,112.84034355502902
2018-05-24 09:30:00,276.22134,78.99273,-0.25996038,991.887,1.6223922,152.38327,4.727680707512767,117.2875386534354,4.648286930041712,4.64184573329765,111.62332432788277
2018-05-24 09:40:30,276.1641,79.29317,-0.26362568,991.90015,1.636646,150.88814,4.759102764041057,116.51306328132029,4.671463147429779,4.665670992475196,110.08215904515126
2018-05-24 09:51:00,276.12112,79.51751,-0.26671475,992.0136,1.6395773,148.96724,4.786282875256134,115.37783318870473,4.694224857728261,4.691693831567268,108.22748713587025
2018-05-24 10:00:00,276.09424,79.65609,-0.26900727,992.296,1.6390823,146.34326,4.8220912494968475,114.06499971031295,4.730923193643503,4.733544697075363,106.38164885914725
2018-05-24 10:10:30,276.05737,79.94528,-0.25526807,992.5867,1.6537634,143.36227,4.875460866703776,112.57072736406057,4.786595605527747,4.7960346571665955,104.3737528069677
2018-05-24 10:21:00,276.004,80.34622,-0.23874186,992.70764,1.6775528,140.86447,4.927701703247063,111.18054438289313,4.842594532631712,4.859341655894606,102.6002671927539
2018-05-24 10:30:00,275.95367,80.69089,-0.22914371,992.7495,1.6976683,138.97267,4.969515776190212,110.0030407333631,4.889237313497245,4.912956198658593,101.20720984989802
2018-05-24 10:40:30,276.0839,81.918304,0.10424322,992.7887,1.718228,137.00331,5.015317512091995,108.65129293038896,4.942837395105503,4.975690053623557,99.71537510498385
2018-05-24 10:51:00,276.88754,83.207466,1.1023273,992.84393,1.7327174,135.29651,5.060242593627632,107.34506488577813,4.996732446087966,5.038923549547441,98.3892524444493
2018-05-24 11:00:00,276.91034,83.56079,1.1831157,992.9112,1.7270848,134.23128,5.089104153355732,106.27165889271448,5.0351778025838625,5.086391750053978,97.36767714680431
2018-05-24 11:10:30,278.22922,79.70746,1.8122666,992.9966,1.339788,133.08209,5.102580419454803,105.0371346149337,5.063836935455018,5.127094055012776,96.25560011538695
2018-05-24 11:21:00,279.20877,74.15354,1.7560341,993.0031,1.5224077,131.78238,5.087654482070662,103.71406054646907,5.07099270100827,5.150063489965599,95.1200495690432
2018-05-24 11:30:00,279.3929,75.544,2.191771,992.9288,1.4117987,130.00693,5.0469821922019165,102.48881171021324,5.0600358847137095,5.159821310411535,94.1756950766206
2018-05-24 11:40:30,279.92258,74.39721,2.4887788,993.00775,1.3163936,127.92901,4.912276746801845,101.3510875178505,5.005569956761106,5.1551327085375345,93.44462347487638
2018-05-24 11:51:00,280.6048,73.65722,3.0052116,993.1611,1.3230815,123.218864,4.622255635979026,100.38804412666299,4.892716797937645,5.145608321313054,92.98819213027477
2018-05-24 12:00:00,281.24475,72.55851,3.408868,993.30505,1.4819068,116.56591,4.171204211772094,99.79705409963351,4.712243245796001,5.122761102593012,92.88141436769065
2018-05-24 12:10:30,281.94095,70.64129,3.6989615,993.471,1.8744377,107.73145,3.4346113603040886,99.92359519591959,4.389631193065666,5.04781277323285,92.9750486617314
2018-05-24 12:21:00,282.39212,69.82266,3.965809,993.59143,2.0836327,102.88187,2.9050550993600406,99.85432303932711,4.0700472181824034,4.87810752516185,92.95286745988588
2018-05-24 12:30:00,282.78506,69.11586,4.1971245,993.64935,2.0580294,100.38695,2.8140818639895957,98.00187323247063,3.7443850338813194,4.492039973147982,93.4826013284503
2018-05-24 12:40:30,283.2937,67.21524,4.2870936,993.7092,2.23402,97.17656,2.8737530763844554,95.90792849242058,3.202190769016852,3.72038319284306,94.35615784118765
2018-05-24 12:51:00,283.70477,66.11439,4.4437785,993.755,2.3099515,95.45283,2.8892322146039593,94.59235719202547,3.0690446744024156,3.425550038771138,93.75989629384783
2018-05-24 13:00:00,283.98834,64.61163,4.3868785,993.6903,2.383569,94.10292,3.0033823089315828,93.4834388235158,3.157730357146634,3.364796824791571,93.07641051827673
2018-05-24 13:10:30,284.33737,63.01772,4.3630996,993.5211,2.4659507,93.30812,3.085163488445899,92.86273880218704,3.19857003325722,3.30588774896258,92.62030531949037
2018-05-24 13:21:00,284.62985,61.201904,4.224977,993.40906,2.556857,92.705574,3.135207451111917,92.43521851222032,3.232305611556278,3.3266101673012036,92.36036242737335
2018-05-24 13:30:00,284.8243,59.915806,4.1074634,993.3475,2.608042,92.2919,3.207998794791191,92.05470894806176,3.306508155050625,3.3979812830535625,91.99002956786589
2018-05-24 13:40:30,285.06775,58.578156,4.01673,993.35077,2.6817765,91.786,3.2672737950641233,91.55849865958024,3.3529501944128586,3.433589424781107,91.49509178078742
2018-05-24 13:51:00,285.28015,57.45036,3.9409363,993.39557,2.7449508,91.34172,3.333734085832017,91.11899174838287,3.4169359545337747,3.4923777569156,91.06565797870503
2018-05-24 14:00:00,285.42587,56.69889,3.8911927,993.44055,2.7831585,90.99479,3.367430027497257,90.76152711291431,3.4465543289954352,3.516303028479805,90.70209859830155
2018-05-24 14:10:30,285.61063,55.793243,3.8362794,993.4936,2.8096104,90.58241,3.384790680024027,90.33833162195101,3.459834273573019,3.5250264731793015,90.27808696205297
2018-05-24 14:21:00,285.7827,54.969234,3.786615,993.56305,2.8112898,90.10465,3.37951746525823,89.84531342019288,3.4521482124039204,3.514587103812302,89.76163568271132
2018-05-24 14:30:00,285.91257,54.246624,3.7207544,993.64703,2.8024845,89.752846,3.3602555827503986,89.50673710939434,3.4301030011412648,3.4899400165846948,89.41379524587055
2018-05-24 14:40:30,286.07462,53.431057,3.6576705,993.67725,2.7895246,89.61079,3.335662008298726,89.3538325046564,3.4017875175182795,3.457700708761676,89.23067788175788
2018-05-24 14:51:00,286.22275,52.894356,3.6527061,993.6726,2.764949,89.41742,3.2980056602057797,89.1329133487221,3.360556749667616,3.412847422328694,88.99024123744985
2018-05-24 15:00:00,286.33118,52.47305,3.6404228,993.6128,2.7371104,89.15235,3.25594550142559,88.83534237278118,3.3150525748872104,3.36388661064801,88.68294456748235
2018-05-24 15:10:30,286.4749,51.6477,3.5500712,993.49835,2.6963134,88.83351,3.2011047506573025,88.49126583401171,3.2570068816741333,3.303019131016577,88.312723476728
2018-05-24 15:21:00,286.61014,50.67211,3.4065747,993.3893,2.656711,88.48084,3.1520086166095393,88.12776291091136,3.2063555760327813,3.251169968980431,87.92939623283475
2018-05-24 15:30:00,286.7121,50.36932,3.416235,993.32495,2.6201546,88.23669,3.1041533520255813,87.8783690546985,3.1562599547941277,3.199063080226942,87.67749469284367
2018-05-24 15:40:30,286.83328,50.082874,3.4475996,993.2844,2.565206,88.141174,3.031844470334298,87.79804414097394,3.080771256622892,3.1206456518302716,87.5731879777046
2018-05-24 15:51:00,286.94354,49.788074,3.4660013,993.12085,2.50648,88.4473,2.957217311530509,88.19778018047984,3.003415920557096,3.040799315006195,87.94801702939101
2018-05-24 16:00:00,287.0267,49.51991,3.4664874,992.7805,2.4509661,89.2374,2.888376045973387,89.03039395854158,2.9320580383618946,2.9672787112096106,88.7870500990775
2018-05-24 16:10:30,287.12643,49.145905,3.4514818,992.47235,2.390764,90.43557,2.812839617460046,90.23200447775517,2.8539247157528203,2.8867937590864106,89.98098468443318
2018-05-24 16:21:00,287.23264,48.718544,3.4261444,992.3543,2.3328946,91.47398,2.7415860250329334,91.2469592921087,2.7809244918800604,2.8120069449367797,90.99289261045963
2018-05-24 16:30:00,287.33932,48.2455,3.3868022,992.31226,2.281046,92.23589,2.6782682876215134,91.98579945559597,2.7159508277560542,2.7458038727231733,91.74610692537948
2018-05-24 16:40:30,287.43936,47.643787,3.3020637,992.2455,2.2175317,93.06576,2.600191131005229,92.85364683730086,2.635958193210418,2.6641894822534127,92.64189627970515
2018-05-24 16:51:00,287.5332,46.9653,3.1864882,992.16156,2.154145,93.90048,2.521906129642865,93.74365178061244,2.5555974102630405,2.5821854343367914,93.54950052693268
2018-05-24 17:00:00,287.6194,46.48533,3.1210573,992.0776,2.098648,94.6276,2.4546700169614164,94.49330933939969,2.486666299993685,2.5117167859025904,94.34285264084916
2018-05-24 17:10:30,287.67984,46.187057,3.0859268,991.96686,2.034847,95.390144,2.3757567424517916,95.29435374258897,2.4056741031534425,2.428823730563056,95.1758611179111
2018-05-24 17:21:00,287.73602,46.063316,3.099534,991.96124,1.9717342,96.162605,2.2998409591324918,96.15538619119026,2.3280458597006737,2.349873259317186,96.07190952840133
2018-05-24 17:30:00,287.81262,45.968735,3.1405318,992.02155,1.9143201,97.21024,2.2324299339288096,97.26199295766737,2.2589898375791098,2.2795521962684453,97.21979543457977
2018-05-24 17:40:30,287.83588,46.01412,3.175573,991.89624,1.862701,98.41677,2.1714110024437705,98.52266267855006,2.1966840798049416,2.216073133800847,98.53331120787949
2018-05-24 17:51:00,287.84552,46.07599,3.2032187,991.7138,1.8221662,99.443794,2.123914204119241,99.59872406179254,2.1480714373819985,2.1664142176752956,99.65792802780278
2018-05-24 18:00:00,287.88336,46.070595,3.2360725,991.55273,1.7928853,100.23291,2.0887226742333316,100.41732695330536,2.1118243657132845,2.1294688828628026,100.53519353164339
2018-05-24 18:10:30,287.86737,46.215157,3.2654755,991.36487,1.764907,100.97492,2.0567599901450713,101.20120159834221,2.0789611670452643,2.095637209229925,101.35621637213191
2018-05-24 18:21:00,287.8419,46.42868,3.3069677,991.2289,1.7452385,101.40377,2.034284825475886,101.64276654617484,2.0551036974205688,2.0706364507041592,101.84478528739709
2018-05-24 18:30:00,287.86676,46.487656,3.3474967,991.16406,1.7324314,101.58924,2.0190205354123933,101.87475871431042,2.0399938064109997,2.055399769923969,102.1161485775885
2018-05-24 18:40:30,287.82117,46.83104,3.409304,991.08734,1.7277735,101.784584,2.0158514193392683,102.11558463057592,2.0361614904960006,2.0509381957110246,102.40624071851701
2018-05-24 18:51:00,287.7672,47.237904,3.4816406,991.04224,1.7304716,102.45823,2.027892738912794,102.87674510267487,2.047305436235371,2.0616403039676343,103.18111127671366
2018-05-24 19:00:00,287.773,47.44199,3.5475957,991.1145,1.7444992,103.0213,2.044212357900695,103.46294338015532,2.064628963148337,2.0797432599382413,103.79197726041275
2018-05-24 19:10:30,287.6927,47.917896,3.6145964,991.2773,1.7584672,103.500305,2.067369267058026,103.9599689495502,2.088252335842868,2.103676229801062,104.30540404925974
2018-05-24 19:21:00,287.60757,48.453064,3.6930459,991.39404,1.7427844,104.12679,2.0853560858130225,104.6014221250412,2.106819438755775,2.1225566580883477,104.9407923443862
2018-05-24 19:30:00,287.5501,48.933796,3.7794724,991.4344,1.769864,104.66097,2.1051039293061518,105.11013191216601,2.126774068939514,2.1424184252681937,105.49341328139363
2018-05-24 19:40:30,287.29074,51.33541,4.2173705,991.3768,1.6060128,105.34764,2.1829813972080827,106.09555393455952,2.196325168983919,2.2041568455374723,106.25223893015385
2018-05-24 19:51:00,286.6153,55.312317,4.648755,991.2756,1.3603978,106.478714,2.244771472726695,107.26123752803143,2.264470731678239,2.274692256896766,107.41344112403097
2018-05-24 20:00:00,286.5783,56.509834,4.9185324,991.18823,1.3848765,107.85422,2.3167661073481853,108.41022167564518,2.3299642741577906,2.3359958029806625,108.54736155022104
2018-05-24 20:10:30,285.20804,62.659714,5.1035466,991.092,1.7303858,109.73791,2.4000185069961018,109.96867737590726,2.404228111144901,2.404689620802263,110.06847717144797
2018-05-24 20:21:00,284.02527,68.338455,5.218398,990.96893,1.7699839,112.09873,2.4830488646336777,111.8964829946201,2.4791285859699768,2.474328799443454,111.91308895567782
2018-05-24 20:30:00,283.8475,69.44,5.27687,990.8455,1.7828871,114.26271,2.5563891952905298,113.60512777422899,2.546392955809934,2.5378568767053413,113.54466842572204
2018-05-24 20:40:30,282.764,71.55017,4.6671963,990.7686,1.7810708,116.99926,2.6315809408656903,115.62505620672141,2.620277523064447,2.6094985685942005,115.58417058839392
2018-05-24 20:51:00,282.1947,72.08168,4.2267075,990.7547,1.7732155,119.94053,2.713033122924051,117.76245384298097,2.703726465548408,2.6919246731843836,117.59400237121034
2018-05-24 21:00:00,281.94974,73.175705,4.2047796,990.80255,1.765274,123.00103,2.7985889275820046,119.84948621171854,2.788821962530547,2.774627806129252,119.46210713723251
2018-05-24 21:10:30,281.65768,74.22631,4.1257076,990.8893,1.7654717,127.24934,2.9202490179478406,122.52918804991744,2.904013373249084,2.8843155099082165,121.95289985472047
2018-05-24 21:21:00,281.384,75.23509,4.05307,990.97156,1.7751048,132.12584,3.0624780137715346,125.28818200733463,3.035234432618018,3.0085175976628893,124.5372960108779
2018-05-24 21:30:00,281.17892,76.153076,4.0267224,991.0148,1.7919049,136.47525,3.193649074209398,127.46864570914106,3.157302732884891,3.125563389460366,126.75417879740014
2018-05-24 21:40:30,280.93808,77.022736,3.9546182,991.0168,1.8161887,141.55827,3.3474484472723827,129.82761824191186,3.295177018174505,3.258599314739922,129.09973006712866
2018-05-24 21:51:00,280.72693,77.71618,3.8770847,991.0803,1.8318467,146.48471,3.4883444407216784,131.76660695314348,3.4261341849728573,3.382590167771699,130.87288488877962
2018-05-24 22:00:00,280.5895,78.1908,3.8300805,991.2541,1.8362662,150.06918,3.5927228705575507,132.88949044327381,3.5204149920600165,3.4697114837913903,131.93380853254212
2018-05-24 22:10:30,280.4311,78.5916,3.7488718,991.38354,1.8471256,153.86838,3.70761990664425,133.821490824465,3.629163327661617,3.576127509626525,132.82848275273236
2018-05-24 22:21:00,280.28012,79.00136,3.6759615,991.37866,1.881345,157.08829,3.8324445121240394,134.4047273855062,3.754551006013405,3.701991193080218,133.26097887849562
2018-05-24 22:30:00,280.1725,79.33752,3.6314783,991.3275,1.9217775,159.39955,3.948371198558137,134.58029248160025,3.8742055062205516,3.8245338352635962,133.39405874440945
2018-05-24 22:40:30,280.05774,79.57544,3.5624168,991.30334,1.9719851,161.37038,4.099397466819724,134.43622807513495,4.027285696477742,3.979836103944993,133.3069968759225
2018-05-24 22:51:00,279.96762,79.68536,3.4944706,991.3191,2.016434,162.53163,4.262959796549555,133.84974004270632,4.190519629847153,4.144008923048822,132.75166401887367
2018-05-24 23:00:00,279.91122,79.701256,3.4425955,991.3682,2.0466573,162.73286,4.410597560630143,132.9666143582341,4.339251127177098,4.294693186949668,131.909748861941
2018-05-24 23:10:30,279.8536,79.640366,3.37599,991.4398,2.0824745,162.20502,4.6031950703218,131.6806341864729,4.533777808448945,4.492363596280615,130.71976189361442
2018-05-24 23:21:00,279.80057,79.57301,3.3126774,991.44165,2.1191509,160.98592,4.812350304748637,130.2656256897956,4.744529295421879,4.705453999258288,129.42128593158768
2018-05-24 23:30:00,279.75574,79.54493,3.2642546,991.396,2.1482334,159.31506,5.008477914280034,128.92967208275985,4.940904646966569,4.90327754531179,128.18736351596635
2018-05-24 23:40:30,279.7052,79.51578,3.210117,991.45624,2.1901927,156.95926,5.25809839135312,127.40375664321209,5.188053985397931,5.150885478982946,126.73486291611049
2018-05-24 23:51:00,279.6453,79.58892,3.1649444,991.5503,2.2407553,154.51846,5.527371800570212,126.09038729218985,5.451078818419697,5.410984150920494,125.49773931056001
2018-05-25 00:00:00,279.58698,79.78357,3.1426666,991.62036,2.2962718,152.49709,5.766881865463079,125.21061713683257,5.685140066578002,5.643458530920553,124.55093650571044
